[
{
  "model": "catalog.tag",
  "pk": 1,
  "fields": {
    "name": "к_1",
    "is_published": true,
    "normalized_name": "k1",
    "slug": "c_1"
  }
},
{
  "model": "catalog.tag",
  "pk": 2,
  "fields": {
    "name": "ка_2",
    "is_published": true,
    "normalized_name": "ka2",
    "slug": "ca_2"
  }
},
{
  "model": "catalog.tag",
  "pk": 3,
  "fields": {
    "name": "кат_3",
    "is_published": true,
    "normalized_name": "kat3",
    "slug": "cat_3"
  }
},
{
  "model": "catalog.tag",
  "pk": 4,
  "fields": {
    "name": "кате_4",
    "is_published": true,
    "normalized_name": "kate4",
    "slug": "cate_4"
  }
},
{
  "model": "catalog.tag",
  "pk": 5,
  "fields": {
    "name": "катег_5",
    "is_published": true,
    "normalized_name": "kateg5",
    "slug": "categ_5"
  }
},
{
  "model": "catalog.category",
  "pk": 1,
  "fields": {
    "name": "к1",
    "is_published": true,
    "normalized_name": "k1",
    "slug": "c_1",
    "weight": 100
  }
},
{
  "model": "catalog.category",
  "pk": 2,
  "fields": {
    "name": "ка_2",
    "is_published": true,
    "normalized_name": "ka2",
    "slug": "ca_2",
    "weight": 101
  }
},
{
  "model": "catalog.category",
  "pk": 3,
  "fields": {
    "name": "кат_3",
    "is_published": true,
    "normalized_name": "kat3",
    "slug": "cat_3",
    "weight": 103
  }
},
{
  "model": "catalog.category",
  "pk": 4,
  "fields": {
    "name": "кате_4",
    "is_published": true,
    "normalized_name": "kate4",
    "slug": "cate_4",
    "weight": 105
  }
},
{
  "model": "catalog.category",
  "pk": 5,
  "fields": {
    "name": "катег_5",
    "is_published": true,
    "normalized_name": "kateg5",
    "slug": "categ_6",
    "weight": 110
  }
},
{
  "model": "catalog.item",
  "pk": 1,
  "fields": {
    "name": "ыв123",
    "is_published": true,
    "normalized_name": "yb123",
    "created": "2024-03-11T11:23:14.536Z",
    "updated": "2024-03-11T13:53:56.330Z",
    "category": 5,
    "text": "<p style=\"text-align: right;\">роскошно</p>",
    "is_on_main": true,
    "tags": [
      3,
      4,
      5
    ]
  }
},
{
  "model": "catalog.item",
  "pk": 2,
  "fields": {
    "name": "ывааываы",
    "is_published": true,
    "normalized_name": "ybaaybay",
    "created": "2024-03-11T11:23:14.536Z",
    "updated": "2024-03-11T11:23:14.546Z",
    "category": 1,
    "text": "<p>роскошно</p>",
    "is_on_main": false,
    "tags": [
      5
    ]
  }
},
{
  "model": "catalog.item",
  "pk": 3,
  "fields": {
    "name": "ыва",
    "is_published": true,
    "normalized_name": "yba",
    "created": "2024-03-11T11:23:14.536Z",
    "updated": "2024-03-11T11:23:14.546Z",
    "category": 5,
    "text": "<p>роскошно</p>",
    "is_on_main": false,
    "tags": [
      3
    ]
  }
},
{
  "model": "catalog.item",
  "pk": 4,
  "fields": {
    "name": "рпопро",
    "is_published": true,
    "normalized_name": "rrorro",
    "created": "2024-03-11T11:23:14.536Z",
    "updated": "2024-03-11T13:53:56.329Z",
    "category": 1,
    "text": "<p>роскошно</p>",
    "is_on_main": true,
    "tags": [
      4
    ]
  }
},
{
  "model": "catalog.item",
  "pk": 5,
  "fields": {
    "name": "олрромси",
    "is_published": true,
    "normalized_name": "olrromsi",
    "created": "2024-03-11T11:23:14.536Z",
    "updated": "2024-03-11T13:53:56.327Z",
    "category": 4,
    "text": "<p>роскошно</p>",
    "is_on_main": true,
    "tags": [
      3,
      4,
      5
    ]
  }
},
{
  "model": "catalog.item",
  "pk": 6,
  "fields": {
    "name": "рпопропро",
    "is_published": true,
    "normalized_name": "rrorrorro",
    "created": "2024-03-11T11:23:14.536Z",
    "updated": "2024-03-16T08:21:32.096Z",
    "category": 2,
    "text": "<p>роскошно</p>",
    "is_on_main": true,
    "tags": [
      1,
      2,
      3,
      4
    ]
  }
},
{
  "model": "catalog.item",
  "pk": 7,
  "fields": {
    "name": "шщяэыь",
    "is_published": true,
    "normalized_name": "shschjaey",
    "created": "2024-03-11T11:23:14.536Z",
    "updated": "2024-03-11T13:53:56.330Z",
    "category": 4,
    "text": "<p>роскошно</p>",
    "is_on_main": true,
    "tags": [
      2,
      3
    ]
  }
},
{
  "model": "catalog.mainimage",
  "pk": 3,
  "fields": {
    "image": "catalog/1/79d36a40-b717-4364-8825-f59e08431086.jpg",
    "item": 1
  }
},
{
  "model": "catalog.mainimage",
  "pk": 4,
  "fields": {
    "image": "catalog/3/f0b10a0b-ddb2-4014-a004-53e09b92e6ab.jpg",
    "item": 3
  }
},
{
  "model": "catalog.mainimage",
  "pk": 5,
  "fields": {
    "image": "catalog/7/c943198c-3b55-4c5e-ad41-e9e22df36976.jpg",
    "item": 7
  }
},
{
  "model": "catalog.mainimage",
  "pk": 6,
  "fields": {
    "image": "catalog/6/a8cf3af4-ea5f-4695-83d8-4de15f7fd13b.png",
    "item": 6
  }
},
{
  "model": "catalog.galleryimage",
  "pk": 2,
  "fields": {
    "image": "catalog/1/1996a603-0b2c-471e-8ecc-823514065885.jpg",
    "item": 1
  }
},
{
  "model": "catalog.galleryimage",
  "pk": 3,
  "fields": {
    "image": "catalog/2/f3fae9ae-2d26-4668-a29d-8297489d427f.jpg",
    "item": 2
  }
},
{
  "model": "catalog.galleryimage",
  "pk": 4,
  "fields": {
    "image": "catalog/7/b6ca9aa5-c170-4f6b-a9dd-1fc49d7092e6.jpg",
    "item": 7
  }
},
{
  "model": "catalog.galleryimage",
  "pk": 5,
  "fields": {
    "image": "catalog/7/aca861b0-6f17-4e88-bd3c-634d76b47837.jpg",
    "item": 7
  }
},
{
  "model": "catalog.galleryimage",
  "pk": 6,
  "fields": {
    "image": "catalog/7/7fc05bef-295a-4f15-84f8-2b074edbaae0.jpeg",
    "item": 7
  }
},
{
  "model": "catalog.galleryimage",
  "pk": 7,
  "fields": {
    "image": "catalog/6/05a23f9f-87f7-4167-a7ff-59ae01ede35b.png",
    "item": 6
  }
},
{
  "model": "catalog.galleryimage",
  "pk": 8,
  "fields": {
    "image": "catalog/6/b20af68f-5f13-467e-b004-487267e0af19.jpeg",
    "item": 6
  }
},
{
  "model": "catalog.galleryimage",
  "pk": 9,
  "fields": {
    "image": "catalog/6/ea7dddf9-1bac-4f3e-88f3-0e73d622b72b.jpg",
    "item": 6
  }
},
{
  "model": "feedback.feedback",
  "pk": 10,
  "fields": {
    "text": "ываыавываыва",
    "created_on": "2024-03-12T11:03:21.318Z",
    "mail": "macalistervadim@yandex.ru",
    "name": null,
    "status": "в обработке"
  }
},
{
  "model": "feedback.feedback",
  "pk": 11,
  "fields": {
    "text": "xcdfgdfgdfggdfdgfgdfgdfgdf",
    "created_on": "2024-03-12T12:08:57.455Z",
    "mail": "dfgdfgdfgdfgdfgfgd@mail.ru",
    "name": "dfgdgfdfgdfgdfg",
    "status": "ответ дан"
  }
},
{
  "model": "feedback.feedback",
  "pk": 12,
  "fields": {
    "text": "dsffsdsfddsfsdfsdfsdffsd",
    "created_on": "2024-03-13T11:47:34.789Z",
    "mail": "macalistervadim@yandex.ru",
    "name": "dfs",
    "status": "получено"
  }
},
{
  "model": "feedback.feedback",
  "pk": 13,
  "fields": {
    "text": "fsd",
    "created_on": "2024-03-13T13:46:25.685Z",
    "mail": "startsevvadim2007@gmail.com",
    "name": "dsfsfdsdfdfs",
    "status": "ответ дан"
  }
},
{
  "model": "feedback.statuslog",
  "pk": 1,
  "fields": {
    "user": 1,
    "feedback": 10,
    "timestamp": "2024-03-12T11:04:23.574Z",
    "_from": "получено",
    "to": "в обработке"
  }
},
{
  "model": "feedback.statuslog",
  "pk": 2,
  "fields": {
    "user": 1,
    "feedback": 11,
    "timestamp": "2024-03-12T12:09:32.035Z",
    "_from": "получено",
    "to": "в обработке"
  }
},
{
  "model": "feedback.statuslog",
  "pk": 3,
  "fields": {
    "user": 1,
    "feedback": 11,
    "timestamp": "2024-03-12T12:09:40.233Z",
    "_from": "в обработке",
    "to": "ответ дан"
  }
},
{
  "model": "feedback.statuslog",
  "pk": 4,
  "fields": {
    "user": 1,
    "feedback": 13,
    "timestamp": "2024-03-13T14:34:16.904Z",
    "_from": "получено",
    "to": "ответ дан"
  }
},
{
  "model": "feedback.statuslog",
  "pk": 5,
  "fields": {
    "user": 1,
    "feedback": 12,
    "timestamp": "2024-03-13T14:34:16.912Z",
    "_from": "получено",
    "to": "в обработке"
  }
},
{
  "model": "feedback.statuslog",
  "pk": 6,
  "fields": {
    "user": 1,
    "feedback": 11,
    "timestamp": "2024-03-13T14:34:16.913Z",
    "_from": "ответ дан",
    "to": "в обработке"
  }
},
{
  "model": "users.profile",
  "pk": 1,
  "fields": {
    "user": 1,
    "birthday": "2024-03-14",
    "coffee_count": 18,
    "image": ""
  }
},
{
  "model": "users.profile",
  "pk": 2,
  "fields": {
    "user": 33,
    "birthday": null,
    "coffee_count": 0,
    "image": "users/33/9498928b-3dba-40e4-9da6-dc4b75a36cd3.png"
  }
},
{
  "model": "users.profile",
  "pk": 3,
  "fields": {
    "user": 30,
    "birthday": null,
    "coffee_count": 1,
    "image": "users/30/ac4e7783-7489-4ee0-8768-1a2550db3c1d.png"
  }
},
{
  "model": "users.profile",
  "pk": 4,
  "fields": {
    "user": 35,
    "birthday": null,
    "coffee_count": 0,
    "image": "users/4/e7cb962e-f1e8-47ce-835f-f058368afade.jpeg"
  }
},
{
  "model": "auth.permission",
  "pk": 1,
  "fields": {
    "name": "Can add категория",
    "content_type": 1,
    "codename": "add_category"
  }
},
{
  "model": "auth.permission",
  "pk": 2,
  "fields": {
    "name": "Can change категория",
    "content_type": 1,
    "codename": "change_category"
  }
},
{
  "model": "auth.permission",
  "pk": 3,
  "fields": {
    "name": "Can delete категория",
    "content_type": 1,
    "codename": "delete_category"
  }
},
{
  "model": "auth.permission",
  "pk": 4,
  "fields": {
    "name": "Can view категория",
    "content_type": 1,
    "codename": "view_category"
  }
},
{
  "model": "auth.permission",
  "pk": 5,
  "fields": {
    "name": "Can add тег",
    "content_type": 2,
    "codename": "add_tag"
  }
},
{
  "model": "auth.permission",
  "pk": 6,
  "fields": {
    "name": "Can change тег",
    "content_type": 2,
    "codename": "change_tag"
  }
},
{
  "model": "auth.permission",
  "pk": 7,
  "fields": {
    "name": "Can delete тег",
    "content_type": 2,
    "codename": "delete_tag"
  }
},
{
  "model": "auth.permission",
  "pk": 8,
  "fields": {
    "name": "Can view тег",
    "content_type": 2,
    "codename": "view_tag"
  }
},
{
  "model": "auth.permission",
  "pk": 9,
  "fields": {
    "name": "Can add товар",
    "content_type": 3,
    "codename": "add_item"
  }
},
{
  "model": "auth.permission",
  "pk": 10,
  "fields": {
    "name": "Can change товар",
    "content_type": 3,
    "codename": "change_item"
  }
},
{
  "model": "auth.permission",
  "pk": 11,
  "fields": {
    "name": "Can delete товар",
    "content_type": 3,
    "codename": "delete_item"
  }
},
{
  "model": "auth.permission",
  "pk": 12,
  "fields": {
    "name": "Can view товар",
    "content_type": 3,
    "codename": "view_item"
  }
},
{
  "model": "auth.permission",
  "pk": 13,
  "fields": {
    "name": "Can add main image",
    "content_type": 4,
    "codename": "add_mainimage"
  }
},
{
  "model": "auth.permission",
  "pk": 14,
  "fields": {
    "name": "Can change main image",
    "content_type": 4,
    "codename": "change_mainimage"
  }
},
{
  "model": "auth.permission",
  "pk": 15,
  "fields": {
    "name": "Can delete main image",
    "content_type": 4,
    "codename": "delete_mainimage"
  }
},
{
  "model": "auth.permission",
  "pk": 16,
  "fields": {
    "name": "Can view main image",
    "content_type": 4,
    "codename": "view_mainimage"
  }
},
{
  "model": "auth.permission",
  "pk": 17,
  "fields": {
    "name": "Can add gallery image",
    "content_type": 5,
    "codename": "add_galleryimage"
  }
},
{
  "model": "auth.permission",
  "pk": 18,
  "fields": {
    "name": "Can change gallery image",
    "content_type": 5,
    "codename": "change_galleryimage"
  }
},
{
  "model": "auth.permission",
  "pk": 19,
  "fields": {
    "name": "Can delete gallery image",
    "content_type": 5,
    "codename": "delete_galleryimage"
  }
},
{
  "model": "auth.permission",
  "pk": 20,
  "fields": {
    "name": "Can view gallery image",
    "content_type": 5,
    "codename": "view_galleryimage"
  }
},
{
  "model": "auth.permission",
  "pk": 21,
  "fields": {
    "name": "Can add log entry",
    "content_type": 6,
    "codename": "add_logentry"
  }
},
{
  "model": "auth.permission",
  "pk": 22,
  "fields": {
    "name": "Can change log entry",
    "content_type": 6,
    "codename": "change_logentry"
  }
},
{
  "model": "auth.permission",
  "pk": 23,
  "fields": {
    "name": "Can delete log entry",
    "content_type": 6,
    "codename": "delete_logentry"
  }
},
{
  "model": "auth.permission",
  "pk": 24,
  "fields": {
    "name": "Can view log entry",
    "content_type": 6,
    "codename": "view_logentry"
  }
},
{
  "model": "auth.permission",
  "pk": 25,
  "fields": {
    "name": "Can add permission",
    "content_type": 7,
    "codename": "add_permission"
  }
},
{
  "model": "auth.permission",
  "pk": 26,
  "fields": {
    "name": "Can change permission",
    "content_type": 7,
    "codename": "change_permission"
  }
},
{
  "model": "auth.permission",
  "pk": 27,
  "fields": {
    "name": "Can delete permission",
    "content_type": 7,
    "codename": "delete_permission"
  }
},
{
  "model": "auth.permission",
  "pk": 28,
  "fields": {
    "name": "Can view permission",
    "content_type": 7,
    "codename": "view_permission"
  }
},
{
  "model": "auth.permission",
  "pk": 29,
  "fields": {
    "name": "Can add group",
    "content_type": 8,
    "codename": "add_group"
  }
},
{
  "model": "auth.permission",
  "pk": 30,
  "fields": {
    "name": "Can change group",
    "content_type": 8,
    "codename": "change_group"
  }
},
{
  "model": "auth.permission",
  "pk": 31,
  "fields": {
    "name": "Can delete group",
    "content_type": 8,
    "codename": "delete_group"
  }
},
{
  "model": "auth.permission",
  "pk": 32,
  "fields": {
    "name": "Can view group",
    "content_type": 8,
    "codename": "view_group"
  }
},
{
  "model": "auth.permission",
  "pk": 33,
  "fields": {
    "name": "Can add user",
    "content_type": 9,
    "codename": "add_user"
  }
},
{
  "model": "auth.permission",
  "pk": 34,
  "fields": {
    "name": "Can change user",
    "content_type": 9,
    "codename": "change_user"
  }
},
{
  "model": "auth.permission",
  "pk": 35,
  "fields": {
    "name": "Can delete user",
    "content_type": 9,
    "codename": "delete_user"
  }
},
{
  "model": "auth.permission",
  "pk": 36,
  "fields": {
    "name": "Can view user",
    "content_type": 9,
    "codename": "view_user"
  }
},
{
  "model": "auth.permission",
  "pk": 37,
  "fields": {
    "name": "Can add content type",
    "content_type": 10,
    "codename": "add_contenttype"
  }
},
{
  "model": "auth.permission",
  "pk": 38,
  "fields": {
    "name": "Can change content type",
    "content_type": 10,
    "codename": "change_contenttype"
  }
},
{
  "model": "auth.permission",
  "pk": 39,
  "fields": {
    "name": "Can delete content type",
    "content_type": 10,
    "codename": "delete_contenttype"
  }
},
{
  "model": "auth.permission",
  "pk": 40,
  "fields": {
    "name": "Can view content type",
    "content_type": 10,
    "codename": "view_contenttype"
  }
},
{
  "model": "auth.permission",
  "pk": 41,
  "fields": {
    "name": "Can add session",
    "content_type": 11,
    "codename": "add_session"
  }
},
{
  "model": "auth.permission",
  "pk": 42,
  "fields": {
    "name": "Can change session",
    "content_type": 11,
    "codename": "change_session"
  }
},
{
  "model": "auth.permission",
  "pk": 43,
  "fields": {
    "name": "Can delete session",
    "content_type": 11,
    "codename": "delete_session"
  }
},
{
  "model": "auth.permission",
  "pk": 44,
  "fields": {
    "name": "Can view session",
    "content_type": 11,
    "codename": "view_session"
  }
},
{
  "model": "auth.permission",
  "pk": 45,
  "fields": {
    "name": "Can add kv store",
    "content_type": 12,
    "codename": "add_kvstore"
  }
},
{
  "model": "auth.permission",
  "pk": 46,
  "fields": {
    "name": "Can change kv store",
    "content_type": 12,
    "codename": "change_kvstore"
  }
},
{
  "model": "auth.permission",
  "pk": 47,
  "fields": {
    "name": "Can delete kv store",
    "content_type": 12,
    "codename": "delete_kvstore"
  }
},
{
  "model": "auth.permission",
  "pk": 48,
  "fields": {
    "name": "Can view kv store",
    "content_type": 12,
    "codename": "view_kvstore"
  }
},
{
  "model": "auth.permission",
  "pk": 49,
  "fields": {
    "name": "Can add feedback",
    "content_type": 13,
    "codename": "add_feedback"
  }
},
{
  "model": "auth.permission",
  "pk": 50,
  "fields": {
    "name": "Can change feedback",
    "content_type": 13,
    "codename": "change_feedback"
  }
},
{
  "model": "auth.permission",
  "pk": 51,
  "fields": {
    "name": "Can delete feedback",
    "content_type": 13,
    "codename": "delete_feedback"
  }
},
{
  "model": "auth.permission",
  "pk": 52,
  "fields": {
    "name": "Can view feedback",
    "content_type": 13,
    "codename": "view_feedback"
  }
},
{
  "model": "auth.permission",
  "pk": 53,
  "fields": {
    "name": "Can add журнал состояния",
    "content_type": 14,
    "codename": "add_statuslog"
  }
},
{
  "model": "auth.permission",
  "pk": 54,
  "fields": {
    "name": "Can change журнал состояния",
    "content_type": 14,
    "codename": "change_statuslog"
  }
},
{
  "model": "auth.permission",
  "pk": 55,
  "fields": {
    "name": "Can delete журнал состояния",
    "content_type": 14,
    "codename": "delete_statuslog"
  }
},
{
  "model": "auth.permission",
  "pk": 56,
  "fields": {
    "name": "Can view журнал состояния",
    "content_type": 14,
    "codename": "view_statuslog"
  }
},
{
  "model": "auth.permission",
  "pk": 57,
  "fields": {
    "name": "Can add обратная связь",
    "content_type": 6,
    "codename": "add_feedback"
  }
},
{
  "model": "auth.permission",
  "pk": 58,
  "fields": {
    "name": "Can change обратная связь",
    "content_type": 6,
    "codename": "change_feedback"
  }
},
{
  "model": "auth.permission",
  "pk": 59,
  "fields": {
    "name": "Can delete обратная связь",
    "content_type": 6,
    "codename": "delete_feedback"
  }
},
{
  "model": "auth.permission",
  "pk": 60,
  "fields": {
    "name": "Can view обратная связь",
    "content_type": 6,
    "codename": "view_feedback"
  }
},
{
  "model": "auth.permission",
  "pk": 61,
  "fields": {
    "name": "Can add журнал состояния",
    "content_type": 7,
    "codename": "add_statuslog"
  }
},
{
  "model": "auth.permission",
  "pk": 62,
  "fields": {
    "name": "Can change журнал состояния",
    "content_type": 7,
    "codename": "change_statuslog"
  }
},
{
  "model": "auth.permission",
  "pk": 63,
  "fields": {
    "name": "Can delete журнал состояния",
    "content_type": 7,
    "codename": "delete_statuslog"
  }
},
{
  "model": "auth.permission",
  "pk": 64,
  "fields": {
    "name": "Can view журнал состояния",
    "content_type": 7,
    "codename": "view_statuslog"
  }
},
{
  "model": "auth.permission",
  "pk": 65,
  "fields": {
    "name": "Can add log entry",
    "content_type": 8,
    "codename": "add_logentry"
  }
},
{
  "model": "auth.permission",
  "pk": 66,
  "fields": {
    "name": "Can change log entry",
    "content_type": 8,
    "codename": "change_logentry"
  }
},
{
  "model": "auth.permission",
  "pk": 67,
  "fields": {
    "name": "Can delete log entry",
    "content_type": 8,
    "codename": "delete_logentry"
  }
},
{
  "model": "auth.permission",
  "pk": 68,
  "fields": {
    "name": "Can view log entry",
    "content_type": 8,
    "codename": "view_logentry"
  }
},
{
  "model": "auth.permission",
  "pk": 69,
  "fields": {
    "name": "Can add permission",
    "content_type": 9,
    "codename": "add_permission"
  }
},
{
  "model": "auth.permission",
  "pk": 70,
  "fields": {
    "name": "Can change permission",
    "content_type": 9,
    "codename": "change_permission"
  }
},
{
  "model": "auth.permission",
  "pk": 71,
  "fields": {
    "name": "Can delete permission",
    "content_type": 9,
    "codename": "delete_permission"
  }
},
{
  "model": "auth.permission",
  "pk": 72,
  "fields": {
    "name": "Can view permission",
    "content_type": 9,
    "codename": "view_permission"
  }
},
{
  "model": "auth.permission",
  "pk": 73,
  "fields": {
    "name": "Can add group",
    "content_type": 10,
    "codename": "add_group"
  }
},
{
  "model": "auth.permission",
  "pk": 74,
  "fields": {
    "name": "Can change group",
    "content_type": 10,
    "codename": "change_group"
  }
},
{
  "model": "auth.permission",
  "pk": 75,
  "fields": {
    "name": "Can delete group",
    "content_type": 10,
    "codename": "delete_group"
  }
},
{
  "model": "auth.permission",
  "pk": 76,
  "fields": {
    "name": "Can view group",
    "content_type": 10,
    "codename": "view_group"
  }
},
{
  "model": "auth.permission",
  "pk": 77,
  "fields": {
    "name": "Can add user",
    "content_type": 11,
    "codename": "add_user"
  }
},
{
  "model": "auth.permission",
  "pk": 78,
  "fields": {
    "name": "Can change user",
    "content_type": 11,
    "codename": "change_user"
  }
},
{
  "model": "auth.permission",
  "pk": 79,
  "fields": {
    "name": "Can delete user",
    "content_type": 11,
    "codename": "delete_user"
  }
},
{
  "model": "auth.permission",
  "pk": 80,
  "fields": {
    "name": "Can view user",
    "content_type": 11,
    "codename": "view_user"
  }
},
{
  "model": "auth.permission",
  "pk": 81,
  "fields": {
    "name": "Can add content type",
    "content_type": 12,
    "codename": "add_contenttype"
  }
},
{
  "model": "auth.permission",
  "pk": 82,
  "fields": {
    "name": "Can change content type",
    "content_type": 12,
    "codename": "change_contenttype"
  }
},
{
  "model": "auth.permission",
  "pk": 83,
  "fields": {
    "name": "Can delete content type",
    "content_type": 12,
    "codename": "delete_contenttype"
  }
},
{
  "model": "auth.permission",
  "pk": 84,
  "fields": {
    "name": "Can view content type",
    "content_type": 12,
    "codename": "view_contenttype"
  }
},
{
  "model": "auth.permission",
  "pk": 85,
  "fields": {
    "name": "Can add session",
    "content_type": 13,
    "codename": "add_session"
  }
},
{
  "model": "auth.permission",
  "pk": 86,
  "fields": {
    "name": "Can change session",
    "content_type": 13,
    "codename": "change_session"
  }
},
{
  "model": "auth.permission",
  "pk": 87,
  "fields": {
    "name": "Can delete session",
    "content_type": 13,
    "codename": "delete_session"
  }
},
{
  "model": "auth.permission",
  "pk": 88,
  "fields": {
    "name": "Can view session",
    "content_type": 13,
    "codename": "view_session"
  }
},
{
  "model": "auth.permission",
  "pk": 89,
  "fields": {
    "name": "Can add kv store",
    "content_type": 14,
    "codename": "add_kvstore"
  }
},
{
  "model": "auth.permission",
  "pk": 90,
  "fields": {
    "name": "Can change kv store",
    "content_type": 14,
    "codename": "change_kvstore"
  }
},
{
  "model": "auth.permission",
  "pk": 91,
  "fields": {
    "name": "Can delete kv store",
    "content_type": 14,
    "codename": "delete_kvstore"
  }
},
{
  "model": "auth.permission",
  "pk": 92,
  "fields": {
    "name": "Can view kv store",
    "content_type": 14,
    "codename": "view_kvstore"
  }
},
{
  "model": "auth.permission",
  "pk": 93,
  "fields": {
    "name": "Can add профиль пользователя",
    "content_type": 15,
    "codename": "add_profile"
  }
},
{
  "model": "auth.permission",
  "pk": 94,
  "fields": {
    "name": "Can change профиль пользователя",
    "content_type": 15,
    "codename": "change_profile"
  }
},
{
  "model": "auth.permission",
  "pk": 95,
  "fields": {
    "name": "Can delete профиль пользователя",
    "content_type": 15,
    "codename": "delete_profile"
  }
},
{
  "model": "auth.permission",
  "pk": 96,
  "fields": {
    "name": "Can view профиль пользователя",
    "content_type": 15,
    "codename": "view_profile"
  }
},
{
  "model": "auth.user",
  "pk": 1,
  "fields": {
    "password": "pbkdf2_sha256$600000$inmqnzPDKDzVWdZBYRCTQx$tMiO3Xap9MfsDVbMM/+1JxZBmtQt9Wis66Qq98YbmaI=",
    "last_login": "2024-03-20T09:03:26Z",
    "is_superuser": true,
    "username": "admin",
    "first_name": "Алён",
    "last_name": "Старцев",
    "email": "macalister@mail.ru",
    "is_staff": true,
    "is_active": true,
    "date_joined": "2024-03-04T16:05:56Z",
    "groups": [],
    "user_permissions": []
  }
},
{
  "model": "auth.user",
  "pk": 29,
  "fields": {
    "password": "pbkdf2_sha256$600000$j08zu0cOMhX4Faf1I7LOUr$0d+5XZrEiVhspChgl9+PiFq9RfuHlBitdAz3cFWiyGE=",
    "last_login": null,
    "is_superuser": false,
    "username": "test",
    "first_name": "",
    "last_name": "",
    "email": "test@test.test",
    "is_staff": false,
    "is_active": false,
    "date_joined": "2024-03-17T14:49:18.528Z",
    "groups": [],
    "user_permissions": []
  }
},
{
  "model": "auth.user",
  "pk": 30,
  "fields": {
    "password": "pbkdf2_sha256$600000$D0YmpaZiwPIQFRI4kh04pr$5wfuFkKIivb3r/9oxkEZ9IU1JJgkwwse7p0JYPqtS60=",
    "last_login": "2024-03-19T13:17:05Z",
    "is_superuser": true,
    "username": "dfsdfs",
    "first_name": "Вадим",
    "last_name": "Старцев",
    "email": "sdf@mail.ru",
    "is_staff": true,
    "is_active": true,
    "date_joined": "2024-03-17T14:51:54Z",
    "groups": [],
    "user_permissions": [
      29,
      65,
      30,
      66,
      31,
      67,
      32,
      68,
      37,
      73,
      38,
      74,
      39,
      75,
      40,
      76,
      69,
      33,
      70,
      34,
      71,
      35,
      72,
      36,
      41,
      77,
      42,
      78,
      43,
      79,
      44,
      80,
      1,
      2,
      3,
      4,
      17,
      18,
      19,
      20,
      9,
      10,
      11,
      12,
      13,
      14,
      15,
      16,
      5,
      6,
      7,
      8,
      81,
      45,
      82,
      46,
      83,
      47,
      84,
      48,
      57,
      21,
      58,
      22,
      59,
      23,
      60,
      24,
      25,
      61,
      26,
      62,
      27,
      63,
      28,
      64,
      49,
      85,
      50,
      86,
      51,
      87,
      52,
      88,
      89,
      53,
      90,
      54,
      91,
      55,
      92,
      56,
      93,
      94,
      95,
      96
    ]
  }
},
{
  "model": "auth.user",
  "pk": 31,
  "fields": {
    "password": "pbkdf2_sha256$600000$vyyhWFirNtpsXBFxB087jF$1MREGyB35ZqBOrHrIg0dOzvpcIAWHXfhyI2zCTTs9vU=",
    "last_login": null,
    "is_superuser": false,
    "username": "dfsdfsdfs",
    "first_name": "",
    "last_name": "",
    "email": "sdf@mail.ru",
    "is_staff": false,
    "is_active": true,
    "date_joined": "2024-03-17T14:55:25Z",
    "groups": [],
    "user_permissions": []
  }
},
{
  "model": "auth.user",
  "pk": 32,
  "fields": {
    "password": "pbkdf2_sha256$600000$I5vqguNJBsNH2vvnGPvNgw$S3S0wdb3FPxhZWdkdwS/guwowcahOFxfzsdFU7LBtzM=",
    "last_login": null,
    "is_superuser": false,
    "username": "dfsdfsdfsx",
    "first_name": "",
    "last_name": "",
    "email": "sdf@mail.ru",
    "is_staff": false,
    "is_active": true,
    "date_joined": "2024-03-17T14:55:53Z",
    "groups": [],
    "user_permissions": []
  }
},
{
  "model": "auth.user",
  "pk": 33,
  "fields": {
    "password": "pbkdf2_sha256$600000$aDuIRXYERI6if5JVViIMEu$YKfZY7dXlaS7ByjSDKy8+O1qR6R9M+PMC6ELQldkkQQ=",
    "last_login": "2024-03-17T14:56:54Z",
    "is_superuser": false,
    "username": "sdfsdfsdfdsfsdfsdfsdfsdfdsfdfsdsfsdffds",
    "first_name": "",
    "last_name": "",
    "email": "dfsdsf@sdf.sd",
    "is_staff": false,
    "is_active": true,
    "date_joined": "2024-03-17T14:56:32Z",
    "groups": [],
    "user_permissions": []
  }
},
{
  "model": "auth.user",
  "pk": 34,
  "fields": {
    "password": "pbkdf2_sha256$600000$IxgNzF6v2OtApgXWcdykmB$P+bfGXOzVteOS4qE7Y+BCPyem4zcRi1fROtK91IoFr4=",
    "last_login": "2024-03-19T13:15:09.498Z",
    "is_superuser": false,
    "username": "testtest",
    "first_name": "",
    "last_name": "",
    "email": "test@mail.ru",
    "is_staff": false,
    "is_active": true,
    "date_joined": "2024-03-19T13:10:50.322Z",
    "groups": [],
    "user_permissions": []
  }
},
{
  "model": "auth.user",
  "pk": 35,
  "fields": {
    "password": "pbkdf2_sha256$600000$f1TxBxCJhY08ikdZTAqK0U$QgQRXVCvgJ0zY7St3ge6lOgTwBJkqBJY/M+1I2qcqH8=",
    "last_login": "2024-03-20T09:01:30Z",
    "is_superuser": false,
    "username": "img",
    "first_name": "Вадим",
    "last_name": "Старцев",
    "email": "imgimg@img.img",
    "is_staff": false,
    "is_active": true,
    "date_joined": "2024-03-20T09:01:16Z",
    "groups": [],
    "user_permissions": []
  }
},
{
  "model": "sessions.session",
  "pk": "61y64whr6y3biju2un60csupgnnnb78y",
  "fields": {
    "session_data": "e30:1rlrRJ:x4qrdDnUnyMty0dMGuGc-qFgYd5DSXoK1oOicFOfuYc",
    "expire_date": "2024-03-31T14:24:41.791Z"
  }
},
{
  "model": "sessions.session",
  "pk": "758xq6ktu64qja1i4jay2w7m1meyfspx",
  "fields": {
    "session_data": ".eJxVjDEOwjAMRe-SGUW0bhObkZ0zRI6dkAJqpaadEHdHkTrA-t97_20C71sJe01rmNRcTGdOv1tkeaa5AX3wfF-sLPO2TtE2xR602tui6XU93L-DwrW0WrADzcRKNKLgSD1gFHEOCZnPvQ4AHYn3Xj26PgOw84OwsOYByHy-4Rk3yQ:1rmrr4:vNEq76_6OCIbpyimmukpi9hzQih7Eusy5i9CNfR_GNQ",
    "expire_date": "2024-04-03T09:03:26.360Z"
  }
},
{
  "model": "sessions.session",
  "pk": "b4jbjdmg31pno7whfy59uqo2bfiqoj6t",
  "fields": {
    "session_data": "e30:1rlrFB:pQ2YrcftR_Yp2gm3dcTdtLZQjD4BF086epK655ajPF0",
    "expire_date": "2024-03-31T14:12:09.163Z"
  }
},
{
  "model": "sessions.session",
  "pk": "lw0gonxdyoga44ridikn8u8865rwvmby",
  "fields": {
    "session_data": ".eJxVjEEOwiAQRe_C2hCmhQIu3XsGMjCDVA0kpV0Z765NutDtf-_9lwi4rSVsnZcwkzgLEKffLWJ6cN0B3bHemkytrssc5a7Ig3Z5bcTPy-H-HRTs5VurzNmicmkcwYHTiiYXx8FwtCYD2Wys0poskh04KTQajPY8Oe8BEoJ4fwDUfzdE:1rhApa:HhK-RjW_NTY-eWXI32UIplSpxZ_g3ZWdYrKeCToOEdI",
    "expire_date": "2024-03-18T16:06:22.792Z"
  }
},
{
  "model": "sessions.session",
  "pk": "o0nh46dt93gqqirg8t2oczvmbq0lqt2y",
  "fields": {
    "session_data": "e30:1rlrd2:3HA7M_4o182Cp1q0DEciv2DIWEkmlyeJIjxhcJyv588",
    "expire_date": "2024-03-31T14:36:48.146Z"
  }
},
{
  "model": "sessions.session",
  "pk": "qecsmvd6ghn8g8xnxasgnyeybml297cy",
  "fields": {
    "session_data": "e30:1rlrFo:Ti51HCj6ODWu4AveWGNCi166DpyZvEC5GXuNth91buE",
    "expire_date": "2024-03-31T14:12:48.430Z"
  }
},
{
  "model": "sessions.session",
  "pk": "sjj3boood0m4e7icl7vu1hzxrxqqnqei",
  "fields": {
    "session_data": ".eJxVjEEOwiAQRe_C2hCwDC0u3fcMzTAzlaqBpLQr492VpAvd_vfef6kJ9y1Ne5V1WlhdlFWn3y0iPSQ3wHfMt6Kp5G1dom6KPmjVY2F5Xg_37yBhTd_aDx1ZCkAkEOGMRpwjgs7i0AdPM8fZA1knfXCGCZG4eYDRWO9NVO8P-CA4fg:1rlnZX:KVGBbcYkHeNTBnBLjFs8rgilpAZ__JGhzqQ1doPf53w",
    "expire_date": "2024-03-31T10:16:55.416Z"
  }
},
{
  "model": "sessions.session",
  "pk": "tpsqr8b3ih8x3huxsrloue1e65u2qnxu",
  "fields": {
    "session_data": ".eJxVjMsOwiAQRf-FtSFAebp07zeQYRikaiAp7cr479qkC93ec859sQjbWuM2aIlzZmcm2el3S4APajvId2i3zrG3dZkT3xV-0MGvPdPzcrh_BxVG_dbeCUMh66l4CNZrRJTC5yKDDUBTgeKUDD4ZScFh0SYVDROgt8YorQR7fwDjVDe9:1rlnXS:k0xcQlkEEB7641eYVJnt9nBjJRCtXlhEc-3V0rHDiUw",
    "expire_date": "2024-03-31T10:14:46.044Z"
  }
},
{
  "model": "sessions.session",
  "pk": "xgjj4057of2l9iju9bn6u09wdr259gyi",
  "fields": {
    "session_data": ".eJxVjDEOwyAUQ-_CXCEgQEjH7jkD-vwPJW0FUkimqncvkTK0m-1n-8087Fv2e4urX4hdmWSX3ywAPmM5AD2g3CvHWrZ1Cfyo8JM2PleKr9vZ_TvI0HJfK3IW7ZAghITaKIy6e9QjIkYFyZkouxZOWIlhIoJhAEjGTCAUjYp9vheVORM:1rlnd8:xz5CqHJiCzKLD_QOhejXHkQefdxmDhylGwIBiCKtSOs",
    "expire_date": "2024-03-31T10:20:38.383Z"
  }
},
{
  "model": "sessions.session",
  "pk": "zqbubnd2c64dko3xivqyabv1bux69l1k",
  "fields": {
    "session_data": "e30:1rlrII:a8SFYj6H_sqXxph-BQqHZ13XkRvLLgLUi_RB9Nn1vbI",
    "expire_date": "2024-03-31T14:15:22.999Z"
  }
}
]
